"","V1","V2","V3"
"A50CHIN.C22","c","a","b"
"A50CHIN.C24","b","b","b"
"A50CHIN.C26","b","b","b"
"A50CHIN.C28","b","b","b"
"A50CHIN.C30","c","a","b"
"A50CHIN.C32","c","b","a"
"A50CHIN.C34","b","b","a"
"A50CHIN.C36","b","b","b"
"A50CHIN.H23","b","b","b"
"A50CHIN.H27","a","c","b"
"AASIA","b","b","b"
"AAX","a","b","b"
"AAX.WA","b","b","b"
"ABFMY1","a","b","b"
"ABLEGRP","b","b","b"
"ABMB","a","b","b"
"ACME","b","b","b"
"ACOSTEC","b","c","b"
"ADVCON","a","b","c"
"ADVENTA","b","b","b"
"ADVPKG","b","b","b"
"AEM","b","b","b"
"AEM.WA","c","b","a"
"AEMULUS","b","a","b"
"AEON","c","b","a"
"AEON.CO","a","b","b"
"AEON.CQ","c","b","b"
"AEONCR","a","b","b"
"AEONCR.LA","b","b","b"
"AFFIN","c","a","b"
"AFUJIYA","a","b","c"
"AHB","a","b","b"
"AHB.WB","a","b","c"
"AHEALTH","c","b","a"
"AHP","b","b","b"
"AIM","b","b","c"
"AIRASIA","b","b","b"
"AIRASIAC59","b","b","b"
"AIRASIAC67","b","b","b"
"AIRASIAC68","c","b","b"
"AIRASIAC69","c","b","b"
"AIRASIAC70","b","b","b"
"AIRASIAC71","b","b","a"
"AIRASIAC72","a","b","b"
"AIRASIAC73","b","b","a"
"AIRASIAC74","b","b","b"
"AIRASIAC75","c","b","a"
"AIRASIAC76","a","c","b"
"AIRASIAC77","a","c","b"
"AIRASIAC78","b","c","b"
"AIRASIAC79","b","c","a"
"AIRASIAC80","b","b","b"
"AIRPORT","c","a","a"
"AIRPORT.C4","b","b","b"
"AIRPORT.C5","c","b","a"
"AIRPORT.C6","a","b","b"
"AIRPORT.C7","b","a","b"
"AISB","b","b","b"
"AJI","a","b","b"
"AJIYA","a","b","b"
"AJIYA.WA","b","b","b"
"ALAM","a","b","c"
"ALAQAR","b","a","b"
"ALCOM","a","b","b"
"ALLIANZ","a","b","b"
"ALLIANZ.PA","c","b","b"
"ALSREIT","a","b","b"
"AMBANK","b","a","c"
"AMBANK.C10","b","b","b"
"AMBANK.C11","b","b","c"
"AMBANK.C12","b","b","b"
"AMBANK.C13","c","a","a"
"AMEDIA","a","b","b"
"AMFIRST","a","b","b"
"AMPROP","a","b","b"
"AMPROP.PA","a","b","b"
"AMPROP.PB","c","b","b"
"AMTEK","b","c","b"
"AMTEL","b","b","b"
"AMVERTON","b","a","c"
"AMWAY","c","c","a"
"ANALABS","a","b","c"
"ANCOM","c","b","a"
"ANCOMLB","a","b","b"
"ANNJOO","a","c","b"
"ANNJOO.PA","b","b","b"
"ANZO","b","b","b"
"ANZO.WC","b","b","c"
"APB","b","b","b"
"APEX","a","b","b"
"APFT","b","a","b"
"APM","b","b","b"
"APOLLO","b","b","b"
"APPASIA","b","a","c"
"APPASIA.WA","b","a","b"
"ARANK","a","b","b"
"ARK","c","a","b"
"ARMADA","a","b","c"
"ARMADA.C49","b","b","b"
"ARMADA.C50","c","a","b"
"ARREIT","a","b","b"
"ASB","b","a","c"
"ASDION","a","b","c"
"ASDION.WB","c","b","b"
"ASIABRN","b","b","b"
"ASIAFLE","b","b","b"
"ASIAPAC","a","b","b"
"ASIAPAC.LC","a","b","c"
"ASIAPAC.WB","a","b","c"
"ASIAPLY","a","b","b"
"ASIAPLY.PA","b","a","b"
"ASIAPLY.WA","b","b","b"
"ASIAPLY.WB","a","b","c"
"ASTINO","b","b","b"
"ASTRO","c","b","a"
"ASTRO.C10","a","b","c"
"ASTRO.C11","b","c","a"
"ASTRO.C12","a","b","b"
"ASTRO.C13","b","b","b"
"ASTRO.C14","b","b","c"
"AT","a","b","b"
"AT.WB","a","b","c"
"ATAIMS","b","a","c"
"ATLAN","a","b","b"
"ATRIUM","a","b","b"
"ATTA","b","c","a"
"ATTA.LA","a","b","b"
"ATTA.PA","b","b","b"
"ATTA.WC","b","b","b"
"ATURMJU","c","b","a"
"ATURMJU.PA","a","a","c"
"AVI","a","c","b"
"AWC","a","b","c"
"AWC.WA","a","b","c"
"AXIATA","b","a","c"
"AXIATA.C30","c","a","b"
"AXIATA.C32","b","b","b"
"AXIATA.C33","b","b","b"
"AXIATA.C34","b","b","b"
"AXIATA.C35","c","b","a"
"AXIATA.C36","b","b","b"
"AXREIT","a","b","b"
"AYER","b","a","c"
"AYS","a","b","b"
"AZRB","a","b","c"
"AZRB.WA","a","b","c"
"BAHVEST","a","b","c"
"BAHVEST.WA","a","b","c"
"BARAKAH","a","b","c"
"BAT","a","b","c"
"BAT.CM","b","b","b"
"BAT.CN","c","b","b"
"BAUTO","a","b","c"
"BAUTO.C1","a","b","b"
"BAUTO.CY","a","b","c"
"BAUTO.CZ","a","b","b"
"BCB","c","a","b"
"BCMALL","b","a","c"
"BDB","a","b","b"
"BENALEC","a","b","c"
"BERTAM","b","b","c"
"BHIC","a","b","b"
"BIG","a","b","c"
"BIMB","a","b","b"
"BIMB.WA","a","b","b"
"BINACOM","b","a","b"
"BINTAI","b","b","c"
"BINTAI.WA","b","b","b"
"BIOHLDG","b","b","c"
"BIOHLDG.WA","b","b","c"
"BIOOSMO","a","b","b"
"BIPORT","a","b","b"
"BJASSET","b","c","a"
"BJASSET.WB","a","b","b"
"BJCORP","b","b","b"
"BJCORP.C10","b","b","c"
"BJCORP.C11","b","c","b"
"BJCORP.LD","b","b","b"
"BJCORP.WB","a","b","b"
"BJCORP.WC","b","b","b"
"BJFOOD","a","b","c"
"BJLAND","a","b","c"
"BJMEDIA","b","b","b"
"BJTOTO","c","a","a"
"BJTOTO.CW","c","c","a"
"BJTOTO.CX","a","b","b"
"BKAWAN","a","b","b"
"BOC.C5","b","c","b"
"BOILERM","a","b","b"
"BONIA","a","b","b"
"BORNOIL","b","c","b"
"BORNOIL.WC","b","b","b"
"BORNOIL.WD","b","b","c"
"BOXPAK","b","b","b"
"BPLANT","b","b","b"
"BPPLAS","a","b","b"
"BPURI","b","a","b"
"BRAHIMS","a","b","c"
"BREM","a","b","c"
"BRIGHT","b","b","b"
"BSLCORP","a","b","c"
"BSTEAD","b","a","b"
"BTECH","a","b","c"
"BTM","b","c","b"
"BTM.WA","b","b","b"
"BURSA","c","b","a"
"BURSA.C21","b","c","b"
"BURSA.C22","c","b","a"
"BURSA.C23","c","b","b"
"CAB","c","a","b"
"CAB.WA","a","b","c"
"CABNET","a","b","b"
"CABNET.WA","b","b","b"
"CAELY","b","b","b"
"CAELY.WA","b","b","b"
"CAMRES","b","b","c"
"CANONE","a","b","c"
"CAREPLS","a","b","b"
"CARIMIN","b","a","c"
"CARING","a","b","b"
"CARLSBG","a","c","b"
"CBIP","a","b","c"
"CBIP.WA","b","a","c"
"CCB","a","b","b"
"CCK","c","b","a"
"CCK.WA","a","b","b"
"CCM","c","c","a"
"CCMDBIO","c","b","b"
"CENSOF","a","b","b"
"CENSOF.WB","b","b","b"
"CEPAT","a","b","b"
"CEPCO","b","b","c"
"CFM","b","c","a"
"CGARDEN.C1","b","c","b"
"CHEETAH","b","b","b"
"CHGP","c","b","b"
"CHGP.WA","a","c","a"
"CHHB","a","b","b"
"CHHB.WB","a","b","c"
"CHINAETF.MYR","a","b","b"
"CHINHIN","c","b","a"
"CHINTEK","a","c","c"
"CHINWEL","b","c","b"
"CHMOBIL.CG","b","b","b"
"CHOOBEE","a","b","b"
"CHUAN","a","b","b"
"CICB","a","c","b"
"CIHLDG","c","b","a"
"CIMB","c","a","b"
"CIMB.C43","c","b","b"
"CIMB.C44","b","c","a"
"CIMB.C45","c","a","a"
"CIMB.C46","b","b","a"
"CIMB.C47","b","b","b"
"CIMBA40","b","b","b"
"CIMBC50","b","b","b"
"CJCEN","a","c","b"
"CME","b","b","b"
"CME.LA","b","b","c"
"CMMT","a","c","b"
"CMSB","a","b","c"
"CMSB.C15","a","b","c"
"CNASIA","b","b","b"
"CNI","a","b","b"
"CNOUHUA","b","b","b"
"COASTAL","a","b","b"
"COCOLND","b","b","b"
"COMCORP","c","b","a"
"COMFORT","c","a","a"
"COMPLET","a","b","b"
"COMPUGT","a","b","b"
"CONNECT","a","c","c"
"CONNECT.PA","b","c","b"
"CONNECT.WA","b","c","a"
"CONNECT.WB","b","b","c"
"CRESBLD","a","b","c"
"CRESNDO","a","b","b"
"CRG","b","c","a"
"CSCENIC","a","b","b"
"CSCSTEL","a","b","c"
"CUSCAPI","a","a","c"
"CVIEW","a","b","c"
"CWG","b","b","b"
"CYL","b","b","b"
"CYMAO","b","b","b"
"CYPARK","c","b","a"
"D.O","c","a","b"
"DAIBOCI","a","b","c"
"DAIBOCI.WB","b","b","b"
"DANCO","a","c","c"
"DANCO.WA","a","b","c"
"DATAPRP","a","a","c"
"DAYA","a","a","c"
"DAYANG","a","b","c"
"DBE","b","b","b"
"DBE.WB","b","b","b"
"DBHD","a","b","c"
"DBHD.WA","a","b","c"
"DELEUM","c","a","b"
"DESTINI","a","a","c"
"DGB","b","b","b"
"DGB.WB","b","b","b"
"DGSB","b","c","a"
"DIALOG","b","b","c"
"DIALOG.C33","b","b","b"
"DIALOG.C36","b","b","c"
"DIALOG.C37","a","b","c"
"DIALOG.C38","b","b","c"
"DIALOG.C39","c","b","a"
"DIALOG.C40","a","b","c"
"DIALOG.C41","c","b","a"
"DIALOG.C42","b","b","b"
"DIALOG.C43","b","b","b"
"DIGI","b","a","c"
"DIGI.C24","c","a","b"
"DIGI.C27","b","b","b"
"DIGI.C28","b","b","b"
"DIGISTA","c","b","b"
"DIGISTA.WB","b","b","b"
"DIN040000223","b","c","b"
"DIN042300721","b","c","b"
"DIN045801028","b","b","b"
"DKLS","b","b","b"
"DKSH","a","b","b"
"DLADY","b","b","b"
"DNEX","a","b","c"
"DNEX.WD","b","a","c"
"DNONCE","a","b","b"
"DNONCE.WA","b","b","b"
"DOLMITE","b","b","b"
"DOLPHIN","b","c","b"
"DOLPHIN.WA","a","b","b"
"DOMINAN","b","b","a"
"DOMINAN.WA","c","b","b"
"DPIH","c","b","a"
"DPS","b","a","c"
"DPS.WB","b","b","b"
"DRBHCOM","b","a","c"
"DRBHCOMC60","b","b","c"
"DRBHCOMC64","b","a","c"
"DRBHCOMC67","b","b","b"
"DRBHCOMC68","c","a","c"
"DRBHCOMC69","a","c","a"
"DRBHCOMC70","a","b","c"
"DRBHCOMC71","a","b","b"
"DRBHCOMC72","b","a","c"
"DRBHCOMC73","b","a","c"
"DSONIC","a","b","c"
"DSONIC.WA","a","b","c"
"DUFU","c","a","b"
"DUTALND","b","b","c"
"DYNACIA","c","b","a"
"DYNACIA.PA","b","a","b"
"DYNACIA.WA","b","b","a"
"E.O","a","b","c"
"EAH","a","b","c"
"EAH.WD","b","b","b"
"EAH.WE","b","b","a"
"EASTLND","a","b","c"
"EATECH","a","a","c"
"ECM","a","c","c"
"ECOFIRS","b","b","b"
"ECOFIRS.WC","b","b","a"
"ECOHLDS","a","b","c"
"ECONBHD","a","c","b"
"ECONBHD.WA","a","c","b"
"ECOWLD","c","a","a"
"ECOWLD.WA","b","b","b"
"EDARAN","b","b","b"
"EDEN","a","b","c"
"EDEN.WB","b","a","c"
"EDGENTA","c","b","a"
"EDUSPEC","a","b","c"
"EFFICEN","a","b","c"
"EFORCE","b","b","b"
"EFORCE.WA","b","b","b"
"EG","b","c","a"
"EG.PA","a","b","c"
"EG.WC","b","b","b"
"EIG","b","b","b"
"EITA","c","c","a"
"EKA","b","b","a"
"EKOVEST","b","c","a"
"EKOVEST.CS","a","b","b"
"EKOVEST.CT","c","c","a"
"EKOVEST.WB","b","c","a"
"EKSONS","c","c","a"
"ELKDESA","a","c","b"
"ELKDESA.LA","b","c","a"
"ELSOFT","c","a","b"
"EMETALL","a","b","b"
"EMICO","b","c","a"
"ENCORP","b","b","b"
"ENGKAH","b","b","b"
"ENGTEX","a","b","b"
"ENRA","b","a","c"
"EPMB","a","b","c"
"ESAFE","b","b","b"
"ESCERAM","b","c","a"
"EUPE","b","b","b"
"EURO","b","b","a"
"EUROSP","a","b","c"
"EVERGRN","a","b","c"
"EWEIN","c","b","a"
"EWINT","a","b","c"
"EWINT.WA","a","b","b"
"F.N","c","b","a"
"FACBIND","c","b","a"
"FAJAR","a","b","c"
"FAJAR.WB","b","b","b"
"FAREAST","b","a","b"
"FARLIM","b","b","b"
"FAVCO","a","b","b"
"FBMKLCI.C5J","b","b","c"
"FBMKLCI.C5K","a","c","a"
"FBMKLCI.C5M","c","a","b"
"FBMKLCI.C5N","b","b","b"
"FBMKLCI.C5O","b","b","b"
"FBMKLCI.C5P","b","b","b"
"FBMKLCI.C5Q","b","b","b"
"FBMKLCI.C5R","b","b","b"
"FBMKLCI.C5S","b","b","b"
"FBMKLCI.C5T","b","c","a"
"FBMKLCI.C5V","b","b","a"
"FBMKLCI.EA","b","c","a"
"FBMKLCI.H6F","b","b","b"
"FBMKLCI.H6K","c","a","b"
"FBMKLCI.H6L","b","b","b"
"FBMKLCI.H6M","b","b","b"
"FBMKLCI.H6N","b","b","b"
"FBMKLCI.H6O","b","b","b"
"FBMKLCI.H6P","b","c","a"
"FBMKLCI.H6Q","a","b","b"
"FBMKLCI.H6S","b","c","a"
"FBMKLCI.H6T","a","c","b"
"FBMKLCI.H6U","c","b","b"
"FBMKLCI.H6V","c","b","b"
"FBMKLCI.H6W","c","b","a"
"FBMKLCI.H6X","a","c","b"
"FCW","c","b","a"
"FGV","c","b","a"
"FGV.C55","c","b","b"
"FGV.C56","b","b","c"
"FGV.C58","c","b","a"
"FGV.C60","c","b","a"
"FGV.C61","c","b","b"
"FGV.C62","c","b","a"
"FGV.C63","c","b","a"
"FGV.C64","c","b","b"
"FGV.C65","b","b","b"
"FGV.C67","b","b","b"
"FGV.C68","b","b","c"
"FGV.C69","b","c","b"
"FGV.C70","b","b","b"
"FGV.C71","b","b","a"
"FIAMMA","b","b","b"
"FIBON","b","b","b"
"FIHB","a","b","c"
"FIHB.PA","b","a","c"
"FIMACOR","b","b","b"
"FINTEC","c","a","b"
"FINTEC.PA","c","b","b"
"FINTEC.WA","c","a","b"
"FINTEC.WB","c","a","b"
"FITTERS","b","b","a"
"FITTERS.WB","c","b","a"
"FLBHD","c","b","a"
"FOCUS","b","b","b"
"FOCUS.WC","b","c","b"
"FOCUSP","a","c","b"
"FPGROUP","b","a","b"
"FPI","b","a","c"
"FREIGHT","a","b","b"
"FRONTKN","a","c","b"
"G3","a","c","a"
"G3.WA","b","c","b"
"GADANG","a","b","c"
"GADANG.WB","a","b","c"
"GAMUDA","b","c","a"
"GAMUDA.C51","b","b","c"
"GAMUDA.C57","b","b","b"
"GAMUDA.C58","c","a","b"
"GAMUDA.C59","c","a","b"
"GAMUDA.C60","c","c","a"
"GAMUDA.C61","c","b","a"
"GAMUDA.C62","b","b","b"
"GAMUDA.C63","b","a","b"
"GAMUDA.WE","b","c","a"
"GASMSIA","a","a","c"
"GBGAQRS","a","c","c"
"GBGAQRS.WB","a","c","c"
"GCB","c","b","b"
"GCB.CA","b","c","a"
"GCB.CB","a","b","c"
"GCE","b","b","b"
"GDB","a","a","c"
"GDEX","c","a","b"
"GDEX.WB","b","b","b"
"GEELY.C1","b","c","b"
"GENETEC","c","b","a"
"GENM","b","b","b"
"GENM.C41","c","b","b"
"GENM.C42","c","a","b"
"GENM.C43","b","a","c"
"GENM.C45","b","a","c"
"GENM.C46","c","b","b"
"GENM.C47","a","b","b"
"GENM.C48","b","b","b"
"GENM.C49","a","a","c"
"GENM.C50","b","b","b"
"GENM.C51","b","b","b"
"GENM.C52","b","b","b"
"GENM.C53","b","b","b"
"GENP","a","b","b"
"GENP.WA","a","b","c"
"GENTING","c","b","a"
"GENTINGC56","c","b","b"
"GENTINGC57","b","b","b"
"GENTINGC58","b","b","b"
"GENTINGC59","b","a","b"
"GENTINGC60","b","a","b"
"GENTINGC61","b","b","b"
"GENTINGC62","b","b","b"
"GENTINGC63","b","b","b"
"GENTINGC64","b","b","b"
"GESHEN","a","b","b"
"GETS","b","b","b"
"GFM","a","b","c"
"GFM.WC","b","a","c"
"GHLSYS","c","b","a"
"GHLSYS.CA","c","b","b"
"GKENT","a","c","b"
"GLBHD","b","b","b"
"GLOMAC","a","b","b"
"GLOTEC","b","a","b"
"GLOTEC.WA","b","b","b"
"GMUTUAL","b","b","b"
"GNB","","",""
"GOB","b","b","b"
"GOB.WA","c","b","b"
"GOCEAN","b","b","b"
"GOCEAN.WA","b","b","b"
"GOLDETF","c","b","a"
"GOODWAY","a","c","b"
"GOPENG","c","b","a"
"GPA","a","c","b"
"GPA.WA","a","c","b"
"GPACKET","b","a","c"
"GPACKET.WB","a","b","b"
"GPHAROS","a","c","c"
"GRANFLO","b","b","a"
"GREENYB","a","b","c"
"GSB","a","b","b"
"GTRONIC","c","c","a"
"GTRONIC.CR","c","b","b"
"GTRONIC.CS","b","b","b"
"GTRONIC.CV","b","c","a"
"GTRONIC.CW","c","a","b"
"GUH","b","c","a"
"GUNUNG","a","b","b"
"GUNUNG.WB","a","c","b"
"GUOCO","a","c","c"
"HAIO","c","b","a"
"HALEX","a","b","c"
"HANDAL","a","b","c"
"HAPSENG","a","b","b"
"HAPSENG.CX","b","b","c"
"HARBOUR","b","b","c"
"HARBOUR.WC","b","b","b"
"HARISON","c","a","b"
"HARNLEN","a","c","b"
"HARTA","c","b","a"
"HARTA.C16","b","c","b"
"HARTA.C18","b","b","b"
"HARTA.C19","c","b","b"
"HARTA.C20","c","b","a"
"HARTA.C21","b","b","b"
"HARTA.C22","b","b","b"
"HBGLOB","a","b","c"
"HCK","b","b","b"
"HEIM","a","b","b"
"HEKTAR","b","c","a"
"HENGYUAN","a","b","c"
"HENGYUAN.C1","b","b","c"
"HENGYUAN.C6","b","b","b"
"HENGYUAN.C7","b","b","c"
"HENGYUAN.CZ","b","b","b"
"HEVEA","a","c","b"
"HEVEA.WB","b","c","b"
"HEXZA","a","b","c"
"HHGROUP","b","a","b"
"HHHCORP","b","b","b"
"HIAPTEK","a","b","c"
"HIAPTEK.LA","a","b","c"
"HIAPTEK.WB","b","b","c"
"HIBISCS","c","a","c"
"HIBISCS.CK","c","b","a"
"HIBISCS.CM","c","a","b"
"HIBISCS.CN","b","b","c"
"HIBISCS.CO","b","b","b"
"HIBISCS.CP","b","b","b"
"HIBISCS.CQ","c","a","b"
"HIBISCS.CR","c","a","b"
"HIBISCS.CS","c","a","a"
"HIBISCS.CT","c","b","a"
"HIBISCS.CU","c","a","b"
"HIBISCS.CV","a","b","c"
"HIBISCS.WC","b","a","c"
"HIGHTEC","c","b","b"
"HIL","a","b","c"
"HIL.WB","b","b","b"
"HKEX.CF","c","b","a"
"HLBANK","c","b","a"
"HLBANK.CN","a","b","c"
"HLBANK.CO","b","c","b"
"HLFG","c","b","a"
"HLIND","a","b","c"
"HLT","b","c","b"
"HLT.WA","a","b","c"
"HOHUP","a","b","c"
"HOKHENG","b","b","c"
"HOMERIZ","a","b","b"
"HOMERIZ.WA","a","b","c"
"HOOVER","b","b","b"
"HSI.C3U","c","a","b"
"HSI.C3V","c","a","b"
"HSI.C3W","b","a","c"
"HSI.C3X","a","b","c"
"HSI.C3Y","b","b","b"
"HSI.C3Z","c","a","b"
"HSI.C5A","b","a","c"
"HSI.C5B","b","a","c"
"HSI.C5C","c","a","c"
"HSI.C5D","b","a","c"
"HSI.C5E","a","b","c"
"HSI.C5F","a","b","b"
"HSI.C5G","b","a","c"
"HSI.C5H","a","b","c"
"HSI.C5I","a","c","a"
"HSI.C5J","a","b","c"
"HSI.C5K","b","a","b"
"HSI.C5L","a","b","b"
"HSI.C5M","c","c","a"
"HSI.H4V","","",""
"HSI.H4W","","",""
"HSI.H4X","c","b","a"
"HSI.H4Y","c","c","a"
"HSI.H4Z","b","b","b"
"HSI.H6A","b","c","a"
"HSI.H6B","c","c","a"
"HSI.H6C","c","c","a"
"HSI.H6D","b","b","b"
"HSI.H6E","c","c","a"
"HSI.H6F","c","c","a"
"HSI.H6G","b","c","a"
"HSI.H6H","b","b","b"
"HSI.H6I","b","c","a"
"HSI.H6J","b","c","a"
"HSI.H6K","b","a","c"
"HSI.H6L","b","c","a"
"HSI.H6M","b","c","b"
"HSI.H6N","b","c","a"
"HSL","a","b","b"
"HSPLANT","b","b","b"
"HSSEB","a","b","c"
"HSSEB.WA","b","b","c"
"HTPADU","b","b","b"
"HUAAN","a","a","c"
"HUAYANG","a","b","b"
"HUBLINE","b","b","b"
"HUBLINE.WA","b","b","c"
"HUBLINE.WB","a","c","b"
"HUBLINE.WC","b","b","c"
"HUMEIND","a","c","b"
"HUPSENG","a","b","b"
"HWATAI","a","c","c"
"HWGB","a","b","b"
"HWGB.WD","b","b","b"
"IBHD","a","b","b"
"IBHD.LB","a","b","c"
"IBHD.WA","b","b","b"
"IBRACO","a","b","b"
"ICAP","a","b","c"
"ICON","a","b","c"
"IDEAL","c","b","a"
"IDEAL.WB","b","b","b"
"IDMENSN","c","a","b"
"IDMENSN.WA","b","b","c"
"IFCAMSC","a","b","c"
"IGBB","a","b","b"
"IGBB.PA","b","b","b"
"IGBREIT","b","a","c"
"IHH","b","c","b"
"IHH.C10","b","b","b"
"IHH.C7","b","b","c"
"IHH.C8","b","b","b"
"IHH.C9","b","c","b"
"IJM","a","b","c"
"IJM.C20","c","b","a"
"IJM.C21","a","c","b"
"IJM.C24","a","c","b"
"IJM.C25","b","b","b"
"IJMPLNT","b","b","a"
"IKHMAS","a","b","c"
"ILB","b","a","b"
"IMASPRO","a","b","b"
"INARI","c","c","a"
"INARI.C26","b","b","b"
"INARI.C27","b","c","a"
"INARI.C28","a","b","b"
"INARI.C29","a","b","b"
"INARI.C30","a","b","c"
"INARI.C31","c","c","a"
"INARI.C32","a","c","b"
"INARI.C33","b","b","b"
"INARI.C34","b","b","b"
"INARI.C35","b","a","b"
"INARI.C36","b","b","b"
"INARI.WB","b","c","a"
"INCKEN","a","b","b"
"INIX","c","a","b"
"INIX.WA","c","c","a"
"INNITY","b","c","a"
"INNO","a","c","c"
"INSAS","b","b","b"
"INSAS.PA","a","b","b"
"INSAS.WB","b","b","a"
"INTA","a","b","b"
"IOICORP","b","b","b"
"IOICORP.C19","b","b","b"
"IOIPG","a","b","b"
"IOIPG.CV","b","a","c"
"IPMUDA","b","a","c"
"IQGROUP","a","b","b"
"IREKA","b","b","b"
"IRETEX","a","b","c"
"IRETEX.LA","a","c","b"
"IRETEX.WA","b","b","c"
"IRIS","a","b","c"
"ITRONIC","b","a","b"
"IVORY","a","b","b"
"IWCITY","a","b","c"
"JADI","a","b","b"
"JAG","a","b","b"
"JAG.WA","b","b","b"
"JAG.WB","b","b","a"
"JAKS","a","b","c"
"JAKS.WB","a","b","c"
"JASKITA","b","b","b"
"JAYCORP","a","b","b"
"JCBNEXT","b","b","b"
"JCY","a","b","c"
"JERASIA","a","b","c"
"JETSON","b","b","b"
"JFTECH","b","b","b"
"JHM","c","a","b"
"JIANKUN","b","c","b"
"JKGLAND","b","b","b"
"JMEDU","c","b","b"
"JMR","b","b","b"
"JOHAN","b","b","b"
"JOHOTIN","b","a","c"
"JTIASA","b","b","b"
"K1","b","a","b"
"K1.WC","c","a","b"
"KAB","c","b","a"
"KANGER","a","c","b"
"KANGER.WA","b","c","b"
"KAREX","a","b","c"
"KARYON","b","a","c"
"KAWAN","b","a","b"
"KBUNAI","a","b","b"
"KBUNAI.WC","b","b","b"
"KEINHIN","b","c","b"
"KEN","b","b","b"
"KENANGA","a","b","b"
"KERJAYA","a","b","b"
"KERJAYA.WB","a","c","c"
"KESM","c","c","a"
"KEYASIC","b","a","c"
"KFIMA","a","b","b"
"KFM","a","b","b"
"KGB","b","a","c"
"KGB.WA","a","b","b"
"KGROUP","a","b","b"
"KGROUP.WB","a","b","b"
"KHEESAN","b","b","b"
"KHIND","c","a","b"
"KIALIM","c","a","b"
"KIANJOO","a","b","c"
"KIMHIN","c","b","b"
"KIMLUN","b","a","b"
"KIMLUN.WA","b","c","b"
"KIPREIT","a","c","c"
"KKB","b","a","c"
"KLCC","a","b","b"
"KLK","a","b","c"
"KLUANG","a","b","b"
"KMLOONG","a","c","a"
"KMLOONG.WB","b","b","b"
"KNM","a","b","c"
"KNM.WB","a","b","c"
"KNUSFOR","c","b","b"
"KOBAY","a","c","b"
"KOMARK","a","b","c"
"KOMARK.WB","b","a","c"
"KOSSAN","c","b","a"
"KOTRA","b","b","b"
"KPJ","a","c","b"
"KPJ.CS","b","b","c"
"KPOWER","a","c","b"
"KPS","a","a","c"
"KPSCB","b","b","b"
"KRETAM","b","b","b"
"KRONO","c","b","a"
"KSENG","a","b","c"
"KSL","a","c","b"
"KSSC","c","c","a"
"KSTAR","b","c","a"
"KSTAR.WA","a","c","b"
"KTB","a","b","b"
"KTC","c","a","b"
"KUB","c","b","a"
"KUCHAI","b","c","a"
"KWANTAS","b","a","c"
"KYM","b","b","a"
"L.G","b","a","c"
"LAFMSIA","a","c","b"
"LAMBO","a","b","c"
"LANDMRK","a","b","b"
"LATITUD","a","c","b"
"LAYHONG","a","a","c"
"LAYHONG.WA","b","a","c"
"LBALUM","a","b","b"
"LBICAP","b","b","c"
"LBS","c","b","a"
"LBS.PA","b","b","b"
"LBS.WB","b","c","b"
"LCTITAN","b","c","a"
"LEBTECH","b","c","b"
"LEESK","a","b","b"
"LEONFB","a","b","c"
"LEWEKO","b","c","a"
"LEWEKO.WB","b","b","c"
"LFECORP","a","b","b"
"LIENHOE","b","b","b"
"LIIHEN","b","b","b"
"LIONFIB","b","a","b"
"LIONIND","a","c","b"
"LITRAK","a","b","c"
"LKL","a","b","c"
"LONBISC","c","b","a"
"LONBISC.WA","b","b","b"
"LPI","c","b","a"
"LSTEEL","a","b","c"
"LTKM","a","b","b"
"LUSTER","a","b","b"
"LUSTER.WA","a","b","b"
"LUSTER.WB","a","c","b"
"LUXCHEM","a","b","b"
"LYC","a","b","b"
"LYSAGHT","a","b","c"
"M.G","a","b","c"
"M3TECH","b","a","c"
"MAA","a","b","c"
"MAGNA","b","b","a"
"MAGNA.WB","b","b","b"
"MAGNI","a","b","c"
"MAGNUM","b","b","b"
"MAHSING","c","b","a"
"MAHSING.WC","b","b","b"
"MALAKOF","b","a","c"
"MALAKOFC12","b","c","b"
"MALAKOFC15","b","b","c"
"MALAKOFC16","b","b","b"
"MALAKOFC18","b","b","b"
"MALAKOFC19","b","b","b"
"MALAKOFC20","b","a","b"
"MALAKOFC21","a","c","b"
"MALPAC","b","b","b"
"MALTON","b","b","b"
"MANULFE","b","b","a"
"MARCO","a","b","b"
"MASTEEL","a","c","b"
"MASTER","a","b","c"
"MATANG","a","b","b"
"MATRIX","b","b","b"
"MATRIX.WA","a","b","b"
"MAXIS","b","b","b"
"MAXIS.C9","b","b","b"
"MAYBANK","c","b","a"
"MAYBANKC43","b","b","a"
"MAYBANKC44","b","b","b"
"MAYBANKC45","c","b","b"
"MAYBANKC46","b","b","a"
"MAYBANKC48","c","b","b"
"MAYBANKC49","b","b","b"
"MAYBANKC50","c","b","a"
"MAYBANKC51","c","a","a"
"MAYBANKC52","b","b","b"
"MAYBULK","c","b","a"
"MBG","b","b","b"
"MBL","a","b","c"
"MBL.WA","b","b","b"
"MBMR","a","a","c"
"MBSB","c","b","a"
"MBSB.C15","b","b","b"
"MBSB.C16","c","a","a"
"MBSB.C17","c","b","a"
"MBSB.C18","c","b","a"
"MBSB.C19","b","b","b"
"MBSB.C20","b","b","b"
"MBWORLD","c","b","a"
"MCEHLDG","b","b","b"
"MCLEAN","c","b","a"
"MCLEAN.WB","b","b","b"
"MCT","b","a","c"
"MEDAINC","b","b","a"
"MEDAINC.WB","c","b","b"
"MEDAINC.WC","b","a","c"
"MEDIA","a","b","c"
"MEDIAC","b","b","b"
"MEGASUN","b","b","b"
"MEGASUN.WA","b","b","b"
"MELATI","b","a","c"
"MELEWAR","a","b","c"
"MELEWAR.WB","b","a","b"
"MENANG","a","b","b"
"MENANG.WB","b","b","b"
"MENGNIU.C2","c","b","a"
"MENTIGA","a","b","c"
"MERCURY","a","b","c"
"MERGE","a","b","c"
"MESB","b","b","a"
"MESB.WA","b","c","a"
"METFAPA","b","c","b"
"METFSID","b","b","b"
"METFUS50","b","b","b"
"METROD","b","b","b"
"MFCB","a","b","b"
"MFCB.WA","a","b","b"
"MFLOUR","a","b","c"
"MFLOUR.LA","a","b","c"
"MFLOUR.WC","a","b","c"
"MGB","c","b","a"
"MGB.WA","b","b","b"
"MGRC","b","b","b"
"MHB","a","b","c"
"MHB.C13","b","b","b"
"MHC","b","c","b"
"MHCARE","b","b","b"
"MI","c","b","a"
"MI.CB","b","b","a"
"MI.CC","b","b","b"
"MI.CD","b","c","a"
"MICROLN","b","b","b"
"MIECO","a","b","c"
"MIKROMB","c","b","a"
"MILUX","c","a","b"
"MINDA","b","b","b"
"MINETEC","b","b","a"
"MINHO","b","a","c"
"MINHO.WC","b","b","c"
"MISC","c","a","b"
"MISC.C19","b","a","c"
"MISC.C20","b","b","b"
"MITRA","a","b","c"
"MITRA.WD","a","b","c"
"MITRA.WE","a","b","c"
"MJPERAK","a","c","c"
"MKH","a","c","b"
"MKLAND","c","b","b"
"MLAB","a","b","b"
"MLAB.WA","b","b","b"
"MLAB.WB","b","b","b"
"MMAG","a","b","b"
"MMAG.PA","b","b","b"
"MMAG.WB","a","c","c"
"MMCCORP","b","c","a"
"MMSV","c","b","a"
"MNC","b","b","b"
"MNC.WA","c","b","a"
"MNRB","b","b","c"
"MPAY","c","a","a"
"MPHBCAP","a","b","b"
"MPI","b","b","b"
"MQREIT","c","a","b"
"MQTECH","b","b","b"
"MQTECH.WA","b","b","c"
"MRCB","a","c","b"
"MRCB.C34","a","c","b"
"MRCB.C36","b","c","a"
"MRCB.C37","b","c","a"
"MRCB.C38","b","b","b"
"MRCB.C39","a","c","b"
"MRCB.C40","c","a","b"
"MRCB.C41","b","c","a"
"MRCB.C42","b","c","a"
"MRCB.WB","b","b","b"
"MSC","a","b","c"
"MSM","c","b","a"
"MSNIAGA","a","b","b"
"MSPORTS","b","b","b"
"MTDACPI","a","b","c"
"MTOUCHE","b","b","c"
"MTOUCHE.WB","a","b","b"
"MTRONIC","c","a","b"
"MUDA","c","a","b"
"MUDAJYA","a","b","b"
"MUH","b","b","b"
"MUHIBAH","c","a","b"
"MUIIND","a","b","b"
"MUIPROP","c","a","a"
"MULPHA","c","b","a"
"MYCRON","b","b","c"
"MYCRON.WA","b","b","b"
"MYEG","a","b","c"
"MYEG.C44","a","b","c"
"MYEG.C46","b","b","b"
"MYEG.C47","b","b","b"
"MYEG.C48","a","c","b"
"MYEG.C50","b","b","c"
"MYEG.C51","b","c","a"
"MYEG.C53","b","c","b"
"MYEG.C54","b","b","b"
"MYEG.C55","a","c","c"
"MYEG.C56","a","b","c"
"MYEG.C57","a","c","c"
"MYEG.C58","a","c","c"
"MYEG.C59","a","b","c"
"MYEG.C60","a","b","c"
"MYEG.C61","a","c","c"
"MYEG.C62","b","b","b"
"MYEG.C63","a","c","c"
"MYETFDJ","b","b","b"
"MYETFID","c","a","b"
"MYKRIS","b","b","b"
"MYNEWS","a","b","b"
"N2N","b","b","a"
"N2N.WB","a","c","b"
"NADIBHD","a","b","b"
"NAIM","a","a","c"
"NATWIDE","a","b","c"
"NESTLE","a","b","b"
"NESTLE.CE","b","b","a"
"NETX","c","b","a"
"NETX.WB","b","b","b"
"NEXGRAM","a","b","b"
"NEXGRAM.WA","b","b","c"
"NEXGRAM.WB","b","a","c"
"NEXGRAM.WC","b","b","b"
"NGGB","a","c","c"
"NGGB.WA","c","a","b"
"NHFATT","c","b","b"
"NICE","b","c","b"
"NICE.WB","b","b","b"
"NIHSIN","a","b","c"
"NOTION","a","b","b"
"NOTION.WC","b","a","c"
"NOVA","b","b","a"
"NOVAMSC","b","b","b"
"NPC","b","b","c"
"NPS","b","b","b"
"NSOP","b","a","c"
"NTPM","a","b","b"
"NWP","a","b","c"
"NYLEX","a","b","b"
"OCB","b","b","b"
"OCK","a","b","c"
"OCK.WA","a","b","c"
"OCNCASH","a","b","c"
"OCR","b","a","c"
"OCR.PA","b","b","b"
"OCR.WC","b","a","c"
"OCR.WD","a","b","c"
"OFI","a","c","b"
"OIB","b","c","b"
"OKA","a","b","b"
"OLYMPIA","b","b","b"
"OMESTI","a","b","c"
"OPCOM","b","a","c"
"OPENSYS","a","b","b"
"ORIENT","b","b","b"
"ORION","a","a","c"
"ORION.WA","b","a","c"
"ORNA","a","b","b"
"OSK","a","b","b"
"OSK.WC","b","b","b"
"OSKVI","a","b","b"
"OVERSEA","b","b","b"
"OWG","b","b","b"
"OWG.WA","a","b","b"
"P.O","b","b","b"
"PA","b","c","b"
"PA.WB","b","b","b"
"PADINI","c","b","a"
"PADINI.CW","b","c","b"
"PADINI.CX","b","b","b"
"PADINI.CY","c","b","a"
"PANAMY","b","b","c"
"PANPAGE","c","b","a"
"PANSAR","c","a","a"
"PANSAR.WA","b","a","b"
"PANTECH","b","b","b"
"PANTECH.WA","a","b","b"
"PANTECH.WB","a","b","b"
"PAOS","a","b","c"
"PAOS.WA","a","b","b"
"PARAGON","a","c","b"
"PARAMON","a","b","b"
"PARKSON","a","b","c"
"PARLO","b","b","c"
"PASDEC","c","a","b"
"PASDEC.WA","b","b","b"
"PASUKGB","b","c","a"
"PAVREIT","b","b","c"
"PBA","a","b","c"
"PBBANK","c","a","b"
"PBBANK.C27","b","b","a"
"PBBANK.C29","b","b","b"
"PBBANK.C30","b","b","b"
"PBBANK.C31","b","c","a"
"PCCS","a","b","c"
"PCCS.WA","a","b","c"
"PCHEM","b","b","b"
"PCHEM.C24","b","b","b"
"PCHEM.C25","b","b","b"
"PCHEM.C26","b","b","b"
"PCHEM.C27","a","b","b"
"PCHEM.C28","b","b","b"
"PCHEM.C29","b","b","a"
"PCHEM.C30","b","b","b"
"PDZ","a","c","b"
"PDZ.WB","b","b","b"
"PEB","a","b","c"
"PECCA","a","b","b"
"PELIKAN","b","a","c"
"PENERGY","b","b","b"
"PENSONI","b","b","b"
"PENSONI.WB","c","b","b"
"PENTA","b","b","b"
"PERDANA","a","a","c"
"PERMAJU","b","a","c"
"PERSTIM","a","c","b"
"PESONA","a","b","c"
"PESONA.WC","a","b","c"
"PESTECH","c","b","a"
"PETDAG","c","b","a"
"PETDAG.CW","c","b","b"
"PETDAG.CX","b","b","b"
"PETGAS","c","b","a"
"PETGAS.CR","c","a","b"
"PETGAS.CS","b","b","b"
"PETRONM","c","b","b"
"PGLOBE","c","b","b"
"PGLOBE.WA","b","c","b"
"PHARMA","c","b","a"
"PHB","a","c","b"
"PICORP","b","b","a"
"PIE","c","b","a"
"PINEAPP","b","a","c"
"PINEPAC","b","b","b"
"PINGAN.C2","b","c","b"
"PINGAN.C3","b","b","c"
"PJBUMI","c","b","a"
"PJBUMI.WA","b","b","b"
"PLABS","c","a","b"
"PLB","c","b","b"
"PLENITU","a","b","c"
"PLS","a","b","b"
"PMBTECH","b","b","c"
"PMBTECH.LA","b","b","b"
"PMBTECH.WA","b","b","b"
"PMCORP","b","b","c"
"PMETAL","a","b","c"
"PMETAL.C15","b","b","c"
"PMETAL.C17","a","b","c"
"PMETAL.C20","b","b","b"
"PMETAL.C23","c","b","b"
"PMETAL.C24","b","b","b"
"PMETAL.C25","a","b","b"
"PMETAL.WC","b","a","b"
"PMHLDG","c","b","a"
"PNEPCB","b","b","b"
"POHKONG","a","b","c"
"POHUAT","a","c","b"
"POHUAT.WB","a","c","b"
"POLY","b","c","a"
"POS","a","b","c"
"POS.C23","c","b","b"
"POS.C27","b","b","c"
"POS.C28","c","b","b"
"POS.C29","b","b","b"
"POS.C30","c","b","b"
"POS.C31","a","b","b"
"POS.C32","b","b","b"
"POS.C33","b","b","b"
"PPB","c","b","a"
"PPB.CJ","c","b","b"
"PPG","b","b","b"
"PPHB","a","b","c"
"PRESBHD","a","b","c"
"PRESTAR","a","c","b"
"PRG","c","b","a"
"PRG.WA","b","c","a"
"PRIVA","a","b","b"
"PRKCORP","b","c","b"
"PRLEXUS","b","b","b"
"PRLEXUS.WA","b","b","a"
"PRTASCO","a","b","c"
"PRTASCO.WA","a","b","c"
"PSIPTEK","a","b","c"
"PSIPTEK.WA","b","b","c"
"PTARAS","a","b","b"
"PTB","b","b","b"
"PTRANS","b","a","b"
"PTRANS.WA","a","b","b"
"PUC","b","a","c"
"PUC.WA","a","b","c"
"PUNCAK","a","b","b"
"PWF","a","b","c"
"PWORTH","a","a","c"
"PWROOT","a","b","b"
"PWROOT.WA","a","b","b"
"QES","a","b","c"
"QL","a","b","c"
"QL.CL","b","c","b"
"QL.CM","b","a","b"
"QL.CN","b","b","b"
"RALCO","c","a","a"
"RALCO.WB","b","b","b"
"RANHILL","b","b","c"
"RAPID","a","b","b"
"RCECAP","c","c","a"
"REACH","a","a","c"
"REACH.WA","c","a","b"
"REDTONE","a","b","c"
"REDTONE.LA","b","b","c"
"RESINTC","a","b","c"
"REV","a","b","c"
"REVENUE","b","a","c"
"REVENUE.WA","c","a","c"
"REX","b","b","b"
"REXIT","a","b","b"
"RGB","b","a","c"
"RGTBHD","c","a","b"
"RGTBHD.WB","a","b","b"
"RGTECH","b","a","b"
"RHBBANK","b","a","c"
"RHBBANKC11","b","a","b"
"RHBBANKC12","b","b","b"
"RHBBANKC13","b","b","b"
"RHONEMA","b","a","b"
"ROHAS","a","b","c"
"RSAWIT","b","c","a"
"RUBEREX","b","a","c"
"RVIEW","a","c","b"
"SAB","a","b","c"
"SALCON","a","b","c"
"SALCON.WB","a","b","c"
"SALUTE","a","c","b"
"SAM","a","b","b"
"SAMCHEM","c","b","a"
"SANBUMI","a","b","c"
"SANICHI","c","b","a"
"SANICHI.WE","b","b","b"
"SAPIND","b","b","b"
"SAPNRG","a","a","c"
"SAPNRG.PA","c","b","a"
"SAPNRG.WA","a","a","c"
"SAPNRGC70","b","a","b"
"SAPNRGC71","b","b","c"
"SAPNRGC72","b","c","b"
"SAPNRGC73","b","a","c"
"SAPNRGC74","a","b","c"
"SAPNRGC75","a","b","c"
"SAPRES","b","c","a"
"SASBADI","a","b","c"
"SAUDEE","a","c","b"
"SAUDEE.WA","a","b","b"
"SBAGAN","a","c","b"
"SBCCORP","b","b","a"
"SCABLE","a","c","c"
"SCBUILD","b","b","b"
"SCBUILD.WB","b","c","b"
"SCC","b","b","a"
"SCGM","c","b","a"
"SCGM.WA","b","a","c"
"SCH","b","b","b"
"SCH.WA","a","b","b"
"SCIB","a","b","c"
"SCICOM","c","b","a"
"SCIENTX","a","b","b"
"SCIENTX.CF","b","b","b"
"SCNWOLF","b","b","c"
"SCOMI","b","b","c"
"SCOMI.WB","b","b","b"
"SCOMIES","a","a","c"
"SCOMNET","b","b","b"
"SCOPE","a","b","c"
"SCOPE.WA","a","b","c"
"SDRED","a","b","b"
"SEACERA","a","b","c"
"SEACERA.WB","c","a","b"
"SEACERA.WC","b","c","b"
"SEAL","a","b","c"
"SEALINK","a","a","c"
"SEB","b","c","b"
"SEDANIA","a","b","c"
"SEEHUP","a","b","c"
"SEG","a","b","c"
"SEM","b","b","b"
"SENDAI","c","b","a"
"SERBADK","c","a","b"
"SERBADK.CN","b","c","b"
"SERBADK.CO","c","b","b"
"SERBADK.CQ","b","b","b"
"SERBADK.CR","b","b","b"
"SERBADK.CS","a","b","b"
"SERNKOU","b","a","b"
"SERNKOU.WA","a","c","b"
"SERSOL","a","b","c"
"SERSOL.WA","a","a","c"
"SGB","b","c","a"
"SGB.PA","b","c","b"
"SGB.WA","a","c","a"
"SHANG","b","b","b"
"SHCHAN","a","b","b"
"SHH","a","c","b"
"SHL","a","b","c"
"SIGGAS","a","b","c"
"SIGN","a","b","c"
"SIGN.WA","a","b","c"
"SIME","b","b","b"
"SIME.C25","b","b","b"
"SIME.C27","c","b","a"
"SIME.C30","b","b","a"
"SIME.C31","b","b","b"
"SIME.C32","a","c","b"
"SIMEPLT","c","b","a"
"SIMEPLT.CI","b","b","b"
"SIMEPLT.CJ","b","b","a"
"SIMEPROP","a","b","c"
"SIMEPROP.CJ","c","b","b"
"SIMEPROP.CK","a","c","b"
"SIMEPROP.CL","b","b","b"
"SINOTOP","b","c","a"
"SJC","b","b","b"
"SKBSHUT","a","c","b"
"SKPRES","b","a","c"
"SKPRES.CO","c","a","b"
"SKPRES.CP","b","b","b"
"SLP","a","b","b"
"SMCAP","a","a","c"
"SMCAP.WC","b","b","c"
"SMETRIC","a","c","c"
"SMI","a","b","c"
"SMISCOR","b","b","b"
"SMRT","b","b","b"
"SMTRACK","b","b","b"
"SNC","b","b","b"
"SNTORIA","b","a","b"
"SNTORIA.WA","c","b","b"
"SOLID","b","b","b"
"SOLID.WA","b","b","b"
"SOLUTN","a","b","b"
"SOLUTN.WA","a","c","a"
"SOP","c","b","a"
"SP500.CF","b","b","b"
"SP500.CG","b","b","b"
"SP500.HF","b","c","a"
"SP500.HG","c","c","a"
"SP500.HH","b","c","a"
"SPB","a","b","b"
"SPRITZER","b","b","b"
"SPSETIA","a","c","c"
"SPSETIA.C10","b","b","b"
"SPSETIA.C11","c","a","b"
"SPSETIA.C12","c","b","b"
"SPSETIA.C13","b","c","a"
"SPSETIA.C14","b","c","a"
"SPSETIA.PA","b","c","b"
"SPSETIA.PB","b","b","b"
"SRIDGE","c","b","a"
"SRIDGE.WA","c","b","a"
"SSTEEL","a","c","b"
"STAR","b","a","c"
"STERPRO","a","b","b"
"STERPRO.WA","c","b","b"
"STONE","a","c","b"
"STONE.WA","a","c","b"
"STRAITS","b","a","c"
"STRAITS.WA","a","a","c"
"SUBUR","b","a","c"
"SUCCESS","b","c","b"
"SUIWAH","a","b","b"
"SUMATEC","a","b","c"
"SUMATEC.WA","b","a","c"
"SUNCON","a","b","c"
"SUNCON.CV","b","b","c"
"SUNREIT","b","b","b"
"SUNSURIA","a","b","c"
"SUNSURIA.WA","b","b","b"
"SUNWAY","b","a","c"
"SUNWAY.CS","b","c","b"
"SUNWAY.WB","c","a","b"
"SUNZEN","a","b","b"
"SUNZEN.WA","b","b","b"
"SUNZEN.WB","b","c","a"
"SUPERLN","b","b","b"
"SUPERMX","c","b","a"
"SUPERMX.C52","c","b","a"
"SUPERMX.C53","b","b","a"
"SUPERMX.C54","b","b","c"
"SUPERMX.C55","c","b","a"
"SUPERMX.C56","c","b","a"
"SUPERMX.C57","b","b","b"
"SUPERMX.C58","b","b","a"
"SUPERMX.C59","b","b","b"
"SUPERMX.C60","c","b","a"
"SUPERMX.C62","c","b","a"
"SUPERMX.C63","c","b","a"
"SUPERMX.C64","b","b","b"
"SUPERMX.C65","b","c","a"
"SURIA","b","c","a"
"SWKPLNT","b","b","b"
"SWSCAP","b","b","b"
"SWSCAP.WB","b","b","b"
"SYCAL","a","c","b"
"SYF","a","b","c"
"SYF.WB","a","c","b"
"SYMLIFE","a","b","b"
"SYMLIFE.WB","a","b","c"
"SYSCORP","a","b","c"
"SYSTECH","b","a","c"
"T7GLOBAL","b","b","b"
"TA","c","a","b"
"TAANN","c","b","a"
"TADMAX","a","b","b"
"TAFI","b","c","b"
"TAGB","c","b","a"
"TAKAFUL","a","b","b"
"TAKAFUL.CC","b","b","b"
"TALAMT","a","b","c"
"TALIWRK","a","b","b"
"TAMBUN","a","a","c"
"TANCO","b","b","b"
"TANCO.WB","b","a","c"
"TAS","a","b","c"
"TASCO","a","b","c"
"TASEK","a","c","a"
"TAWIN","a","b","c"
"TCHONG","a","b","b"
"TDEX","b","c","a"
"TDM","b","c","b"
"TECFAST","b","b","b"
"TECGUAN","a","c","b"
"TECHBND","b","a","b"
"TEKSENG","a","b","b"
"TEKSENG.WA","b","b","b"
"TENAGA","c","a","b"
"TENAGA.C49","b","c","b"
"TENAGA.C50","b","a","b"
"TENAGA.C51","c","a","b"
"TENAGA.C53","b","b","b"
"TENAGA.C54","b","b","b"
"TENCENT.C7","a","b","c"
"TEOSENG","c","a","c"
"TEOSENG.WA","b","a","b"
"TEXCHEM","b","b","b"
"TEXCYCL","a","b","c"
"TFP","b","b","b"
"TGL","b","b","b"
"TGUAN","a","b","b"
"TGUAN.LA","b","b","c"
"TGUAN.WA","a","b","b"
"THETA","a","b","b"
"THHEAVY","a","b","c"
"THHEAVY.PB","b","b","c"
"THPLANT","b","b","a"
"THRIVEN","a","a","c"
"THRIVEN.WB","b","b","c"
"TIENWAH","c","b","b"
"TIGER","b","b","a"
"TIGER.WC","a","a","c"
"TIMECOM","a","b","b"
"TIMWELL","c","b","b"
"TITIJYA","c","b","b"
"TITIJYA.PA","a","c","b"
"TM","a","c","b"
"TM.C27","b","b","b"
"TM.C28","a","b","c"
"TM.C31","c","b","b"
"TM.C34","b","c","b"
"TM.C35","a","b","b"
"TM.C36","b","c","b"
"TM.C37","b","b","c"
"TM.C38","b","c","a"
"TM.C39","a","c","b"
"TM.C40","a","c","b"
"TMCLIFE","b","b","b"
"TMCLIFE.WB","b","b","a"
"TNLOGIS","a","b","b"
"TOCEAN","a","c","b"
"TOMEI","b","b","b"
"TOMYPAK","c","a","a"
"TOMYPAK.WA","b","b","b"
"TONGHER","c","b","a"
"TOPGLOV","c","b","a"
"TOPGLOV.C41","c","b","a"
"TOPGLOV.C42","b","b","b"
"TOPGLOV.C43","c","b","a"
"TOPGLOV.C44","b","b","a"
"TOPGLOV.C45","c","a","b"
"TOPGLOV.C46","b","b","b"
"TOPGLOV.C47","c","b","a"
"TOPGLOV.C48","b","b","b"
"TOPGLOV.C49","c","a","b"
"TOPGLOV.C50","b","a","c"
"TOPVISN","b","c","b"
"TOYOINK","a","b","b"
"TOYOINK.WB","b","b","a"
"TPC","b","b","b"
"TPC.WA","b","a","b"
"TRC","a","b","c"
"TRIMODE","c","a","b"
"TRIVE","b","b","b"
"TRIVE.WB","b","b","b"
"TROP","a","c","b"
"TROP.WA","b","a","b"
"TSH","c","b","a"
"TSRCAP","b","b","b"
"TSRCAP.WB","b","b","b"
"TUNEPRO","a","b","c"
"TURBO","a","a","c"
"TURIYA","b","c","b"
"TWRREIT","a","b","c"
"UCHITEC","c","b","a"
"UCREST","a","b","c"
"UEMS","b","b","b"
"UEMS.C65","b","b","b"
"UEMS.C66","b","c","b"
"ULICORP","b","c","a"
"UMCCA","a","b","b"
"UMS","b","b","b"
"UMSNGB","b","b","b"
"UMW","c","a","b"
"UMW.C11","b","b","b"
"UMW.C12","b","b","b"
"UMW.C13","a","b","b"
"UMW.C14","c","a","b"
"UMW.C15","b","b","b"
"UMW.C16","b","b","b"
"UMW.C17","b","b","a"
"UNIMECH","a","b","b"
"UNISEM","a","b","b"
"UNISEM.C12","b","c","b"
"UNISEM.C15","c","b","b"
"UNIWALL","b","b","b"
"UOADEV","a","b","b"
"UOAREIT","a","b","b"
"UPA","b","b","a"
"UTDPLT","a","b","b"
"UTUSAN","b","b","a"
"UZMA","a","b","c"
"VC","a","a","c"
"VELESTO","a","b","c"
"VELESTO.C25","b","b","b"
"VELESTO.C26","b","b","c"
"VELESTO.C27","a","b","c"
"VELESTO.WA","a","b","c"
"VERSATL","b","b","b"
"VERTICE","a","b","b"
"VERTICE.WA","a","b","b"
"VIS","c","b","b"
"VIS.WB","c","b","a"
"VITROX","b","c","a"
"VITROX.CL","b","b","c"
"VITROX.CM","b","b","b"
"VIVOCOM","b","b","b"
"VIVOCOM.WC","b","c","b"
"VIVOCOM.WD","b","b","b"
"VIVOCOM.WE","b","b","b"
"VIZIONE","a","b","b"
"VIZIONE.LA","b","b","c"
"VIZIONE.WC","b","b","b"
"VS","c","b","a"
"VS.C10","c","b","a"
"VS.C11","c","b","b"
"VS.C12","c","b","a"
"VS.C13","c","b","a"
"VS.C5","b","c","a"
"VS.C7","c","b","b"
"VS.C8","b","a","b"
"VS.C9","c","b","a"
"VSOLAR","a","c","c"
"VSTECS","a","b","b"
"WANGZNG","a","b","b"
"WARISAN","b","b","b"
"WASEONG","c","a","b"
"WATTA","a","b","b"
"WCEHB","a","b","b"
"WCT","a","c","b"
"WCT.C15","c","b","b"
"WCT.C16","b","b","b"
"WCT.WE","a","b","b"
"WEGMANS","b","a","c"
"WEGMANS.WA","a","b","b"
"WELLCAL","a","b","b"
"WIDAD","c","b","a"
"WIDAD.WA","c","c","a"
"WIDETEC","b","b","b"
"WILLOW","a","b","b"
"WMG","a","b","c"
"WONG","a","b","b"
"WOODLAN","b","b","b"
"WPRTS","a","b","b"
"WPRTS.CY","b","b","b"
"WTHORSE","b","b","b"
"WTK","a","b","c"
"WZSATU","c","b","a"
"WZSATU.WA","b","b","b"
"XDL","c","a","a"
"XDL.WD","b","a","b"
"XIANLNG","a","a","c"
"XIAOMI.C1","a","b","b"
"XIAOMI.C2","b","b","b"
"XINGHE","a","b","b"
"XINHWA","b","b","a"
"XOX","b","b","c"
"YBS","b","b","b"
"YEELEE","a","b","c"
"YGL","a","b","c"
"YILAI","b","b","b"
"YINSON","a","b","b"
"YINSON.CT","b","b","c"
"YKGI","a","a","c"
"YKGI.WB","a","b","c"
"YLI","b","b","b"
"YNHPROP","a","b","b"
"YOCB","b","b","c"
"YONGTAI","a","b","c"
"YONGTAI.PA","b","a","c"
"YONGTAI.WA","a","b","b"
"YSPSAH","c","b","a"
"YTL","a","b","c"
"YTL.C23","b","b","b"
"YTL.C24","b","b","c"
"YTLLAND","a","b","b"
"YTLLAND.LA","b","b","b"
"YTLPOWR","b","c","a"
"YTLPOWR.C6","b","c","a"
"YTLREIT","b","b","a"
"ZECON","a","b","c"
"ZELAN","a","b","c"
"ZHULIAN","b","b","b"
"X3A","a","b","b"
"DPHARMA","a","b","b"
"DRBHCOMC74","a","b","c"
"ETH","b","c","a"
"FGV.C72","a","b","b"
"FGV.C73","a","c","b"
"HENGYUAN.C8","a","c","b"
"MRCB.C43","a","c","c"
"PMETAL.C26","a","c","c"
"SAPNRGC76","a","b","c"
"E.O.C13","a","b","c"
"AXIATA.C37","a","b","b"
"BAT.CO","b","c","b"
"DIALOG.C44","a","c","c"
"DRBHCOMC75","a","b","c"
"FBMKLCI.C5W","b","b","c"
"GCB.CC","a","b","c"
"GENM.C54","a","a","c"
"HIBISCS.CW","a","b","c"
"INARI.C37","a","b","c"
"MAXIS.C10","a","b","c"
"MBSB.C21","b","b","c"
"PCHEM.C31","a","b","b"
"PMETAL.C27","a","b","c"
"POS.C34","a","b","c"
"QL.CO","a","b","b"
"SIME.C33","a","c","b"
"SKPRES.CQ","a","b","c"
"SPSETIA.C16","a","c","b"
"SUPERMX.C66","a","b","c"
"TAKAFUL.CD","a","b","c"
"TALIWRK.CE","a","b","c"
"UCHITEC.CF","a","c","b"
"YINSON.CW","a","a","c"
"MYSCM","a","b","c"
"SP500.CI","b","b","b"
"SP500.HI","b","b","b"
"DWL","a","b","c"
"DWL.PA","a","b","c"
"DWL.WA","a","b","c"
"MERIDIAN","b","b","c"
"MERIDIAN.WB","b","b","c"
"MERIDIAN.WC","b","b","c"
"A50CHIN.C38","b","b","c"
"A50CHIN.H29","b","b","c"
"GCB.CD","b","b","c"
"GENM.C55","b","b","c"
"MALAKOFC22","b","b","c"
"MMCCORPC12","b","b","c"
"TM.C41","b","b","c"
"VS.C14","b","b","c"
